{
  "dijkstra": {
    "rmse": 4.676999418915948e-13,
    "mae": 1.4318592157860026e-13,
    "mape": 2.0510208195038876e-17,
    "inference_time_sec": 69.817791223526
  },
  "a_star": {
    "rmse": 4.676999418915948e-13,
    "mae": 1.4318592157860026e-13,
    "mape": 2.0510208195038876e-17,
    "inference_time_sec": 28.452980279922485
  },
  "mlp": {
    "rmse": 545.9970109443715,
    "mae": 373.27968013789445,
    "mape": 0.07963420542279274,
    "inference_time_sec": 0.033972978591918945
  },
  "gnn": {
    "rmse": 3225.5421764062635,
    "mae": 2575.724735084108,
    "mape": 0.6356521061940277,
    "inference_time_sec": 0.054967641830444336
  }
}