{
  "rmse": 529.0993372224405,
  "mae": 365.56673120495054,
  "mape": 0.07550015665787922,
  "train_time_sec": 54.71349215507507,
  "features": "coords+diff",
  "epochs": 100,
  "hidden_dim": 128,
  "lr": 0.001
}