{
  "rmse": 2827.1586677369137,
  "mae": 2241.18832178723,
  "mape": 0.4796939086033599,
  "train_time_sec": 0.8735592365264893,
  "features": "coords",
  "epochs": 10,
  "hidden_dim": 64,
  "lr": 0.001
}