{
  "rmse": 1150.2008886210147,
  "mae": 900.9262242603874,
  "mape": 0.28676520151158114,
  "train_time_sec": 2.242833375930786
}